{
  "config" : "HP-orca-merge",
  "sparkConfig": {
    "master": "yarn-client",
    "appName": "hp-mergeApp"
  },
  "sources": {
    "ODOM_ONLINE_ORCA": {
      "name": "ODOM_ONLINE_ORCA",
      "historicFilePath": "/etherData/ORCA/ODOM/US_ODOM_Online_Fab_Historic_till_2018.csv",
      "orcaNewFilePath" : "/etherData/ORCA/ODOM/US ODOM Online_new.csv"
    },
    "HP_COM": {
      "name": "HP_COM",
      "historicFilePath": "/etherData/ORCA/HP.com/US_HP_Shopping_2019-02-11-Historic.csv",
      "orcaNewFilePath" : "/etherData/ORCA/HP.com/US HP Shopping v3_new.csv"
    },
    "ORCA_QRY_2017_TO_DATE": {
      "name": "ORCA_QRY_2017_TO_DATE",
      "historicFilePath": "/etherData/ORCA/2017-present/US_Retail_POS_fab-Historic_till_2019W32.csv",
      "orcaNewFilePath" : "/etherData/ORCA/2017-present/US Retail POS_new.csv"
    },
    "WALMART": {
      "name": "WALMART",
      "historicFilePath": "/etherData/managedSources/Walmart/WalmartPOS_Fab_Till_2019W23_Historic.csv",
      "orcaNewFilePath" : "/etherData/managedSources/Walmart/WalmartPOS_new.csv"
    },
    "CI": {
      "name": "CI",
      "historicFilePath": "/etherData/ORCA/CI/US_Comm_CI_Fab_till_2018Q02_Historic.csv",
      "orcaNewFilePath" : "/etherData/ORCA/CI/US Comm CI v1_new.csv"
    },
    "ST": {
      "name": "ST",
      "historicFilePath": "/etherData/ORCA/ST/US_Comm_ST_Fab_2019Q02_Historic.csv",
      "orcaNewFilePath" : "/etherData/ORCA/ST/US Comm ST-STT_new.csv"
    },
    "Walmart_Pos_Qty": {
      "name": "Walmart_POSQTY",
      "historicFilePath": "/etherData/managedSources/Walmart_POS/walmart_posqty_historic_19W01.csv",
      "orcaNewFilePath" : "/etherData/managedSources/Walmart_POS/WalmartPOSQTY_new.csv"
    }
  }
}