{
  "config" : "reporting-NEW",
  "sparkConfig": {
    "master": "yarn-client",
    "appName": "hp-reporting"
  },
  "reporting": {
    "retail-preregression-basepath" : "/etherData/Pricing/Outputs/Preregression_Retail/",
    "commercial-preregression-basepath" : "/etherData/Pricing/Outputs/Preregression_Commercial/",
    "retail-alteryx-basepath" : "/etherData/Pricing/Outputs/POS_Retail/",
    "commercial-alteryx-basepath" : "/etherData/Pricing/Outputs/POS_Commercial/",
    "output-basepath" : "file:///home/ether/Pricing/reporting/%s/%s/",
    "sku-hierarchy-basepath" : "/etherData/managedSources/AUX/"
  }
}