{
  "config": "Load-print-files",
  "sparkConfig": {
    "master": "yarn-client",
    "appName": "hp-ams-datamart-print"
  },
  "sources": {
    "DM_CA_Mth_Print_HW_Dist": {
      "name": "Stg_DM_CA_Mth_Print_HW_Dist",
      "filePath": "/NPD_DATA/print/decision_key/DM_CA_Mth_Print_HW_Dist.csv"
    },
    "DM_CA_Mth_Print_HW_Retail": {
      "name": "Stg_DM_CA_Mth_Print_HW_Retail",
      "filePath": "/NPD_DATA/print/decision_key/DM_CA_Mth_Print_HW_Retail.csv"
    },
    "DM_US_Mth_Print_HW_Dist": {
      "name": "Stg_DM_US_Mth_Print_HW_Dist",
      "filePath": "/NPD_DATA/print/decision_key/DM_US_Mth_Print_HW_Dist.csv"
    },
    "DM_US_Mth_Print_HW_Reseller": {
      "name": "Stg_DM_US_Mth_Print_HW_Reseller",
      "filePath": "/NPD_DATA/print/decision_key/DM_US_Mth_Print_HW_Reseller.csv"
    },
    "DM_US_Mth_Print_HW_Retail_ALR": {
      "name": "Stg_DM_US_Mth_Print_HW_Retail_ALR",
      "filePath": "/NPD_DATA/print/decision_key/DM_US_Mth_Print_HW_Retail_ALR.csv"
    }
  }
}