{
  "config": "npd-pc-weekly-us-fact",
  "sparkConfig": {
    "master": "yarn-client",
    "appName": "npd-pc-weekly-us-fact"
  },
  "sources": {
    "DM_Weekly_Reseller_PC_US": {
      "name": "Stg_DM_Weekly_Reseller_PC_US"
    },
    "DM_Weekly_Reseller_PC_US_BTO": {
      "name": "Stg_DM_Weekly_Reseller_PC_US_BTO"
    },
    "DM_Weekly_Dist_PC_US": {
      "name": "Stg_DM_Weekly_Dist_PC_US"
    },
    "DM_Weekly_Dist_PC_US_BTO": {
      "name": "Stg_DM_Weekly_Dist_PC_US_BTO"
    },
    "DM_Weekly_Retail_PC_US": {
      "name": "Stg_DM_Weekly_Retail_PC_US"
    }
  }
}