{
  "config": "npd-pc-monthly-us-fact",
  "sparkConfig": {
    "master": "yarn-client",
    "appName": "npd-pc-monthly-us-fact"
  },
  "sources": {
    "DM_PC_US_Mth_Reseller": {
      "name": "Stg_DM_PC_US_Mth_Reseller"
    },
    "DM_PC_US_Mth_Reseller_BTO": {
      "name": "Stg_DM_PC_US_Mth_Reseller_BTO"
    },
    "DM_US_PC_Monthly_Dist": {
      "name": "Stg_DM_US_PC_Monthly_Dist"
    },
    "DM_US_PC_Monthly_Dist_BTO": {
      "name": "Stg_DM_US_PC_Monthly_Dist_BTO"
    },
    "DM_US_PC_Monthly_Retail": {
      "name": "Stg_DM_US_PC_Monthly_Retail"
    }
  }
}