{
  "config": "npd-pc-weekly-us-stg",
  "sparkConfig": {
    "master": "yarn-client",
    "appName": "npd-pc-weekly-us-stg"
  },
  "sources": {
    "DM_Weekly_Reseller_PC_US": {
      "name": "Stg_DM_Weekly_Reseller_PC_US",
      "filePath": "/NPD_DATA/raw/pc/weekly/us/latest/DM_Weekly_Reseller_PC_US_clean.csv"
    },
    "DM_Weekly_Reseller_PC_US_BTO": {
      "name": "Stg_DM_Weekly_Reseller_PC_US_BTO",
      "filePath": "/NPD_DATA/raw/pc/weekly/us/latest/DM_Weekly_Reseller_PC_US_BTO_clean.csv"
    },
    "DM_Weekly_Dist_PC_US": {
      "name": "Stg_DM_Weekly_Dist_PC_US",
      "filePath": "/NPD_DATA/raw/pc/weekly/us/latest/DM_Weekly_Dist_PC_US_clean.csv"
    },
    "DM_Weekly_Dist_PC_US_BTO": {
      "name": "Stg_DM_Weekly_Dist_PC_US_BTO",
      "filePath": "/NPD_DATA/raw/pc/weekly/us/latest/DM_Weekly_Dist_PC_US_BTO_clean.csv"
    },
    "DM_Weekly_Retail_PC_US": {
      "name": "Stg_DM_Weekly_Retail_PC_US",
      "filePath": "/NPD_DATA/raw/pc/weekly/us/latest/DM_Weekly_Retail_PC_US_clean.csv"
    }
  }
}